The Duration of the packet's flow,Packet header length,Protocol Type,Time-to-Live,Rate of packet transmission,Rate of outbound packets transmission,Rate of inbound packets transmission,"Indication whether FIN flags appear in the traffic (1 for true, 0 otherwise)","Indication whether SYN flags appear in the traffic (1 for true, 0 otherwise)","Indication whether RST flags appear in the traffic (1 for true, 0 otherwise)","Indication whether PSH flags appear in the traffic (1 for true, 0 otherwise)","Indication whether ACK flags appear in the traffic (1 for true, 0 otherwise)","Indication whether ECE flags appear in the traffic (1 for true, 0 otherwise)","Indication whether CWR flags appear in the traffic (1 for true, 0 otherwise)",Number of packets with an ACK flag,Number of packets with a SYN flag,Number of packets with a FIN flag,Number of packets with an URG flag,Number of packets with an RST flag,"Indication whether the application layer protocol is HTTP (1 for true, 0 otherwise)","Indication whether the application layer protocol is HTTPS (1 for true, 0 otherwise)","Indication whether the application layer protocol is DNS (1 for true, 0 otherwise)","Indication whether the application layer protocol is Telnet (1 for true, 0 otherwise)","Indication whether the application layer protocol is SMTP (1 for true, 0 otherwise)","Indication whether the application layer protocol is SSH (1 for true, 0 otherwise)","Indication whether the application layer protocol is IRC (1 for true, 0 otherwise)","Indication whether the transport layer protocol is TCP (1 for true, 0 otherwise)","Indication whether the transport layer protocol is UDP (1 for true, 0 otherwise)","Indication whether the application layer protocol is DHCP (1 for true, 0 otherwise)","Indication whether the link layer protocol is ARP (1 for true, 0 otherwise)","Indication whether the network layer protocol is ICMP (1 for true, 0 otherwise)","Indication whether the network layer protocol is IP (1 for true, 0 otherwise)","Indication whether the link layer protocol is LLC (1 for true, 0 otherwise)",Tot sum,Minimum packet length in the flow,Maximum packet length in the flow,Average packet length in the flow,Standard deviation of packet length,Tot size,The time difference between two consecutive packets,The total number of packets,Magnitude (calculated as the mean of the average lengths of incoming and outgoing packets in the flow),Radius (calculated as the averaged variances of packet lengths for incoming and outgoing packets),Covariance (covariance of the lengths of incoming and outgoing packets),Variance (calculated as the ratio of variances in packet lengths between incoming and outgoing packets),Weight (calculated as the product of the counts of incoming and outgoing packets),label
1.9021243572235107,383723.7,6.0,130.8,174.27721599017883,174.27721599017883,0.0,0.0,0.0,0.0,0.0,0.0,0.0,0.0,0.0,2.0,0.0,13.9,330.5,0.0,1.0,0.0,0.0,0.0,0.0,0.0,1.0,0.0,0.0,0.0,0.0,1.0,1.0,5040.7,225.5,1514.0,989.1859126984128,619.3002996076166,794.9,0.0010354042053222,5.5,44.254451873796015,875.8228828868123,427251.1567363789,0.9,38.5,BenignTraffic
60.73716335296631,2837.2,11.1,76.8,209722.53011023704,209722.53011023704,0.0,0.0,0.0,0.0,0.0,0.0,0.0,0.0,0.0,0.0,0.0,12.7,20.9,0.0,0.0,0.0,0.0,0.0,0.0,0.0,0.0,1.0,0.0,0.0,0.0,1.0,1.0,2261.3,50.0,345.0,144.63270712775358,102.77842920284137,189.6,166517098.90589398,13.5,16.985099108627495,145.60888939596757,10610.11361253521,1.0,244.6,BenignTraffic
0.1737018346786499,564.5,8.2,63.5,33.83108070098903,33.83108070098903,0.0,0.0,0.0,0.0,0.0,1.0,0.0,0.0,0.6,1.3,0.0,0.9,3.6,0.0,0.0,0.0,0.0,0.0,0.0,0.0,1.0,0.0,0.0,0.0,0.0,1.0,1.0,1577.7,50.0,387.3,100.2780645657232,86.15049430616754,132.6,166518748.88697368,13.5,14.154848218292395,122.15648052226744,7921.358194169225,1.0,244.6,BenignTraffic
307.8547816991806,9375.8,5.9,65.7,0.5216491378278287,0.5216491378278287,0.0,0.0,0.0,0.0,0.0,0.0,0.0,0.0,0.0,0.2,0.0,56.3,97.5,0.0,0.0,0.0,0.0,0.0,0.0,0.0,1.0,0.0,0.0,0.0,0.0,1.0,1.0,545.1,73.9,214.0,115.71138888888888,49.3213302580804,86.8,0.044061803817749,5.5,15.04210844989206,69.7508941652598,2750.2213457892417,0.9,38.5,BenignTraffic
33.08063795566559,557290.0,7.1,123.0,29.85590823245243,29.85590823245243,0.0,0.0,0.0,0.0,1.0,1.0,0.0,0.0,0.2,0.2,0.0,639.7,1025.6,0.0,1.0,0.0,0.0,0.0,0.0,0.0,1.0,0.0,0.0,0.0,0.0,1.0,1.0,12468.3,980.0,2866.0,2420.404007936508,761.5767753780518,1890.7,0.0025022983551025,5.5,69.40730597954732,1077.032204528009,835743.2504266661,0.7,38.5,BenignTraffic
26.31687276363373,902214.7,7.1,83.1,88.56054456549113,88.56054456549113,0.0,0.0,0.0,0.0,0.0,0.0,0.0,0.0,0.0,1.6,0.0,118.9,933.9,0.0,1.0,0.0,0.0,0.0,0.0,0.0,1.0,0.0,0.0,0.0,0.0,1.0,1.0,10108.1,66.0,2238.0,612.408090127107,808.4964528819127,1614.5,166521913.685611,13.5,34.41226157901747,1147.210232512287,705833.2887756627,1.0,244.6,BenignTraffic
0.2110309600830078,5325.1,6.0,64.0,87.59457980396523,87.59457980396523,0.0,0.0,0.0,0.0,0.0,0.0,0.0,0.0,0.0,2.0,0.0,5.6,17.5,0.0,1.0,0.0,0.0,0.0,0.0,0.0,1.0,0.0,0.0,0.0,0.0,1.0,1.0,5306.1,66.0,1317.0,321.3101915151412,409.8407083480144,871.6,166521592.3231097,13.5,24.71400158087781,575.1455033400779,192543.4701697288,1.0,244.6,BenignTraffic
30.95525660514832,738418.2,7.1,83.1,68.19177792543985,68.19177792543985,0.0,0.0,0.0,0.0,0.0,0.0,0.0,0.0,0.0,1.6,0.0,127.8,900.1,0.0,1.0,0.0,0.0,0.0,0.0,0.0,1.0,0.0,0.0,0.0,0.0,1.0,1.0,6203.8,156.0,1523.0,988.2935714285712,573.1532676432844,1393.0,0.0028856992721557,5.5,43.48255929137882,810.5611244195891,367583.5526819728,0.9,38.5,BenignTraffic
16.259826350212098,858569.0,7.6,57.6,74.32363553319213,74.32363553319213,0.0,0.0,0.0,0.0,0.0,0.0,0.0,0.0,0.0,1.4,0.0,25.9,739.9,0.0,1.0,0.0,0.0,0.0,0.0,0.0,1.0,0.0,0.0,0.0,0.0,1.0,1.0,4390.2,50.8,1077.4,597.3692857142858,486.5790192592679,1076.6,0.0063518047332763,5.5,31.4021983848158,688.126648202656,337792.4775028345,0.9,38.5,BenignTraffic
29.57208173274994,100312.5,8.2,64.0,59.141076915996905,59.141076915996905,0.0,0.0,0.0,0.0,0.0,0.0,0.0,0.0,0.0,1.2,0.0,9.7,66.2,0.0,0.0,0.0,0.0,0.0,0.0,0.0,1.0,0.0,0.0,0.0,0.0,1.0,1.0,1271.1,50.0,788.7,220.0315873015873,263.7513290459315,197.8,0.003816795349121,5.5,20.381547311692085,373.0007066306852,86972.38573670949,0.9,38.5,BenignTraffic
156.39875109195708,28689.2,12.6,72.8,13.07133751346544,13.07133751346544,0.0,0.0,0.0,0.0,0.0,0.0,0.0,0.0,0.3,0.8,0.0,0.5,2.1,0.0,0.0,0.0,0.0,0.0,0.0,0.0,0.0,1.0,0.0,0.0,0.0,1.0,1.0,1821.8,50.0,317.0,118.598697757351,85.11896227186612,88.4,166517238.31074,13.5,15.363381341023592,120.26670868830128,7248.628519602278,1.0,244.6,BenignTraffic
4.015211963653565,58457.8,9.3,85.5,75.97885195158509,75.97885195158509,0.0,0.0,0.0,0.0,0.0,1.0,0.0,0.0,0.5,1.3,0.0,2.4,54.7,0.0,0.0,0.0,0.0,0.0,0.0,0.0,1.0,0.0,0.0,0.0,0.0,1.0,1.0,1695.5,60.0,485.0,106.02810185729302,105.57225882826329,266.3,166517881.6166344,13.5,14.053495352730788,117.28749999468891,7329.313011750693,1.0,244.6,BenignTraffic
6.917842721939087,365400.0,6.0,232.0,52.68982674010571,52.68982674010571,0.0,0.0,0.0,0.0,0.0,0.0,0.0,0.0,0.0,2.0,0.0,23.0,363.5,0.0,1.0,0.0,0.0,0.0,0.0,0.0,1.0,0.0,0.0,0.0,0.0,1.0,1.0,363.0,66.0,66.0,66.0,0.0,66.0,0.0117217063903808,5.5,11.489125293076055,0.0,0.0,0.0,38.5,BenignTraffic
1.515312170982361,1772921.0,6.0,165.4,699.1947451736289,699.1947451736289,0.0,0.0,0.0,0.0,0.0,0.0,0.0,0.0,0.0,2.0,0.0,100.0,1058.5,0.0,1.0,0.0,0.0,0.0,0.0,0.0,1.0,0.0,0.0,0.0,0.0,1.0,1.0,3313.0,78.0,1666.0,394.576507936508,528.1763709013136,1376.4,0.000442099571228,5.5,23.53549894326825,746.9541870536398,838898.9074971026,0.4,38.5,BenignTraffic
19.49980034828186,275597.2,8.7,130.6,68.80390278449269,68.80390278449269,0.0,0.0,0.0,0.0,0.0,0.0,0.0,0.0,0.0,0.6,0.0,73.1,354.5,0.0,0.0,0.0,0.0,0.0,0.0,0.0,1.0,0.0,0.0,0.0,0.0,1.0,1.0,581.8,61.8,184.0,103.26289682539682,43.93343689336999,99.7,0.0119664907455444,5.5,14.33189991833333,62.13126229626634,2209.381639628999,0.9,38.5,BenignTraffic
2.5125865936279297,8857.8,6.0,115.3,29.39447579742604,29.39447579742604,0.0,0.0,0.0,0.0,0.0,0.0,0.0,0.0,0.0,0.8,0.0,19.2,40.8,0.0,1.0,0.0,0.0,0.0,0.0,0.0,1.0,0.0,0.0,0.0,0.0,1.0,1.0,554.8,73.8,156.0,106.08805555555554,33.265557524835536,98.3,0.015781807899475,5.5,14.525670125770182,47.04460261152478,1244.0049277998237,0.9,38.5,Brute_Force
8.807217860221863,5229.6,6.0,64.0,3.4403627099246963,3.4403627099246963,0.0,0.0,0.0,0.0,1.0,0.0,0.0,0.0,0.0,2.0,0.0,15.9,29.3,0.0,0.0,0.0,0.0,0.0,1.0,0.0,1.0,0.0,0.0,0.0,0.0,1.0,1.0,1965.0,66.0,150.0,127.65258949684646,26.471855817693505,100.4,166601300.02255133,13.5,15.992750770063443,37.23611598520773,703.6849237272043,1.0,244.6,Brute_Force
199.00761983394625,77125.6,7.1,79.1,14.89025084497069,14.89025084497069,0.0,0.0,0.0,0.0,0.0,0.0,0.0,0.0,0.0,1.0,0.0,287.7,585.2,0.0,1.0,0.0,0.0,0.0,0.0,0.0,1.0,0.0,0.0,0.0,0.0,1.0,1.0,7217.6,66.0,2954.0,477.3633772355096,792.7746626585397,144.3,166601459.9739457,13.5,30.87412023396576,1123.4450553746142,634572.3507186963,1.0,244.6,Brute_Force
27.51202323436737,4243.2,6.0,79.6,14.542743015397772,14.542743015397772,0.0,0.0,0.0,0.0,0.0,1.0,0.0,0.0,3.3,0.0,0.3,17.2,36.2,0.0,1.0,0.0,0.0,0.0,0.0,0.0,1.0,0.0,0.0,0.0,0.0,1.0,1.0,392.2,58.2,100.8,71.13055555555556,14.100127347180353,74.2,0.0079330921173095,5.5,11.922663456917071,19.940591325570225,272.8327958553792,0.9,38.5,Brute_Force
61.78491425514221,4182.0,6.6,136.1,19.00338294812057,19.00338294812057,0.0,0.0,0.0,0.0,0.0,0.0,0.0,0.0,0.0,1.4,0.0,6.6,14.7,0.0,0.0,0.0,0.0,0.0,0.0,0.0,1.0,0.0,0.0,0.0,0.0,1.0,1.0,625.1,80.0,218.9,116.19984126984129,47.88464646236734,147.3,0.004964804649353,5.5,15.19444346588873,67.71911645652075,3787.411057949105,0.9,38.5,Brute_Force
29.17742891311645,9051.2,7.1,119.7,16.770688397302532,16.770688397302532,0.0,0.0,0.0,0.0,0.0,0.0,0.0,0.0,0.0,1.8,0.0,4.4,11.7,0.0,1.0,0.0,0.0,0.0,0.0,0.0,1.0,0.0,0.0,0.0,0.0,1.0,1.0,1854.8,70.8,1234.2,339.1124603174603,415.38279576378153,252.2,0.0367545127868652,5.5,25.292901080189942,587.4399833455934,208181.52889714032,0.9,38.5,Brute_Force
92.03495790958404,48138.2,6.0,122.9,2.64351768937363,2.64351768937363,0.0,0.0,0.0,0.0,0.0,0.0,0.0,0.0,0.0,0.4,0.0,139.2,300.4,0.0,1.0,0.0,0.0,0.0,0.0,0.0,1.0,0.0,0.0,0.0,0.0,1.0,1.0,506.4,61.2,138.2,90.84444444444443,26.67433478112494,85.6,0.0083064794540405,5.5,13.455846982193677,37.723206014747255,811.7987760141093,0.9,38.5,Brute_Force
203.6228376150131,69355.5,8.2,102.5,5.986813086361458,5.986813086361458,0.0,0.0,0.0,0.0,0.0,0.0,0.0,0.0,0.0,0.6,0.0,73.0,177.0,0.0,0.0,0.0,0.0,0.0,0.0,0.0,1.0,0.0,0.0,0.0,0.0,1.0,1.0,445.4,50.0,113.6,75.63722222222222,23.087631555290123,84.2,0.0242192983627319,5.5,12.252023958436212,32.650841668564325,654.4612879188712,0.9,38.5,Brute_Force
113.01086914539336,60606.1,9.3,63.6,4.751674971747499,4.751674971747499,0.0,0.0,0.0,0.0,0.0,1.0,0.0,0.0,0.4,1.0,0.0,180.3,376.2,0.0,0.0,0.0,0.0,0.0,0.0,0.0,1.0,0.0,0.0,0.0,0.0,1.0,1.0,509.2,56.0,147.0,94.73595238095238,39.351168504089415,91.0,0.0070250988006591,5.5,13.714956257827527,55.65095619371223,1722.2149314058956,0.9,38.5,Brute_Force
5.723943209648132,207.6,14.3,115.0,84.98022665570097,84.98022665570097,0.0,0.0,0.0,0.0,0.0,0.0,0.0,0.0,0.0,0.0,0.0,1.1,2.0,0.0,0.0,0.0,0.0,0.0,0.0,0.0,0.0,1.0,0.0,0.0,0.0,1.0,1.0,479.9,62.8,114.3,87.42408730158729,17.586755807112667,77.9,0.0156251192092895,5.5,13.207011257841222,24.87142858056252,353.6968051618796,0.9,38.5,Brute_Force
11.13110692501068,2150.6,14.8,75.7,24.688219464717584,24.688219464717584,0.0,0.0,0.0,0.0,0.0,0.0,0.0,0.0,0.0,0.4,0.0,1.2,4.3,0.0,0.0,0.0,0.0,0.0,0.0,0.0,0.0,1.0,0.0,0.0,0.0,1.0,1.0,547.9,66.0,214.5,96.64154761904764,47.573199046556816,96.1,0.017202615737915,5.5,13.87410235563993,67.27866329711546,4102.951904620182,0.7,38.5,Brute_Force
255.76822469234463,42976.8,17.0,83.1,3.055851753217519,3.055851753217519,0.0,0.0,0.0,0.0,0.0,0.0,0.0,0.0,0.0,0.0,0.0,0.0,0.0,0.0,0.0,0.0,0.0,0.0,0.0,0.0,0.0,1.0,0.0,0.0,0.0,1.0,1.0,1284.0,50.0,230.0,83.392543830009,58.39131188546141,69.6,166601410.8192606,13.5,12.923640384648127,82.72532554252868,3432.022642908852,1.0,244.6,Brute_Force
34.350304293632504,8807.7,8.2,76.5,6.013759650102609,6.013759650102609,0.0,0.0,0.0,0.0,0.0,1.0,0.0,0.0,0.6,1.4,0.0,27.5,60.2,0.0,0.0,0.0,0.0,0.0,0.0,0.0,1.0,0.0,0.0,0.0,0.0,1.0,1.0,493.6,65.9,131.2,87.65559523809523,26.46705248943067,94.1,0.0144783973693847,5.5,13.224496253849884,37.430064586593446,876.4178734410431,0.9,38.5,Brute_Force
103.68627469539642,8111.3,12.6,112.8,1.996684163653464,1.996684163653464,0.0,0.0,0.0,0.0,0.0,0.0,0.0,0.0,0.0,0.6,0.0,18.9,45.3,0.0,0.0,0.0,0.0,0.0,0.0,0.0,0.0,1.0,0.0,0.0,0.0,1.0,1.0,2805.6,54.0,413.0,179.44402893417214,119.6967503650978,208.2,166601452.13349932,13.5,18.95925870819473,169.2977835283606,14343.397749624584,1.0,244.6,Brute_Force
34.284978890419005,5741.9,7.1,80.9,4.893123484250613,4.893123484250613,0.0,0.0,0.0,0.0,0.0,0.0,0.0,0.0,0.0,2.0,0.1,12.9,24.7,0.0,0.0,0.0,0.0,0.0,1.0,0.0,1.0,0.0,0.0,0.0,0.0,1.0,1.0,731.8,93.1,198.0,138.26376984126983,34.13725476583254,116.3,0.0070241928100585,5.5,16.611772910209567,48.27736867202596,1679.0027771951372,0.8,38.5,Brute_Force
0.0,54.0,6.0,64.0,10.672420636940082,10.672420636940082,0.0,1.0,0.0,0.0,0.0,0.0,0.0,0.0,1.0,0.0,1.0,0.0,0.0,0.0,0.0,0.0,0.0,0.0,0.0,0.0,1.0,0.0,0.0,0.0,0.0,1.0,1.0,567.0,54.0,54.0,54.0,0.0,54.0,83345098.46654642,9.5,10.392304845413264,0.0,0.0,0.0,141.55,DDoS
0.1565517330169678,730.67,6.05,67.53,4.599727524934153,4.599727524934153,0.0,0.0,0.0,0.0,0.0,0.0,0.0,0.0,0.0,0.07,0.0,0.13,0.71,0.0,0.0,0.0,0.0,0.0,0.0,0.0,0.0,0.0,0.0,0.0,0.0,1.0,1.0,9438.43,316.06,1475.56,902.7258669838504,542.6262600305045,884.87,83340635.59612393,9.5,42.21841025388021,767.2984300622126,313023.516070698,0.95,141.55,DDoS
0.0,54.0,6.0,64.0,4106.02447381302,4106.02447381302,0.0,0.0,0.0,0.0,1.0,0.0,0.0,0.0,0.0,0.0,0.0,1.0,1.0,0.0,0.0,0.0,0.0,0.0,0.0,0.0,1.0,0.0,0.0,0.0,0.0,1.0,1.0,567.0,54.0,54.0,54.0,0.0,54.0,83318151.29413334,9.5,10.392304845413264,0.0,0.0,0.0,141.55,DDoS
0.0,54.0,6.0,64.0,3.3287486332108283,3.3287486332108283,0.0,1.0,0.0,0.0,0.0,0.0,0.0,0.0,1.0,0.0,1.0,0.0,0.0,0.0,0.0,0.0,0.0,0.0,0.0,0.0,1.0,0.0,0.0,0.0,0.0,1.0,1.0,567.0,54.0,54.0,54.0,0.0,54.0,83344234.26630057,9.5,10.392304845413264,0.0,0.0,0.0,141.55,DDoS
0.0,54.0,6.0,64.0,2.96856724637452,2.96856724637452,0.0,0.0,1.0,0.0,0.0,0.0,0.0,0.0,0.0,1.0,0.0,0.0,0.0,0.0,0.0,0.0,0.0,0.0,0.0,0.0,1.0,0.0,0.0,0.0,0.0,1.0,1.0,567.0,54.0,54.0,54.0,0.0,54.0,83089964.15343742,9.5,10.392304845413264,0.0,0.0,0.0,141.55,DDoS
0.0,54.0,6.0,64.0,18.49935825905164,18.49935825905164,0.0,0.0,0.0,0.0,1.0,0.0,0.0,0.0,0.0,0.0,0.0,1.0,1.0,0.0,0.0,0.0,0.0,0.0,0.0,0.0,1.0,0.0,0.0,0.0,0.0,1.0,1.0,567.0,54.0,54.0,54.0,0.0,54.0,83314511.02530035,9.5,10.392304845413264,0.0,0.0,0.0,141.55,DDoS
0.0,0.0,1.0,64.0,2.978968684387743,2.978968684387743,0.0,0.0,0.0,0.0,0.0,0.0,0.0,0.0,0.0,0.0,0.0,0.0,0.0,0.0,0.0,0.0,0.0,0.0,0.0,0.0,0.0,0.0,0.0,0.0,1.0,1.0,1.0,441.0,42.0,42.0,42.0,0.0,42.0,83150114.4664834,9.5,9.16515138991168,0.0,0.0,0.0,141.55,DDoS
0.0,53.46,5.94,63.36,1.9134261377351407,1.9134261377351407,0.0,0.0,1.0,0.0,0.0,0.0,0.0,0.0,0.0,0.99,0.0,0.0,0.0,0.0,0.0,0.0,0.0,0.0,0.0,0.0,1.0,0.0,0.0,0.0,0.0,1.0,1.0,567.3,54.0,54.3,54.01677063983488,0.068859529552615,54.06,83088813.89019573,9.5,10.393931237608696,0.0978362070040848,0.09581371174495,0.05,141.55,DDoS
0.0,0.0,1.0,64.0,2.283837262369364,2.283837262369364,0.0,0.0,0.0,0.0,0.0,0.0,0.0,0.0,0.0,0.0,0.0,0.0,0.0,0.0,0.0,0.0,0.0,0.0,0.0,0.0,0.0,0.0,0.0,0.0,1.0,1.0,1.0,441.0,42.0,42.0,42.0,0.0,42.0,83127712.3090535,9.5,9.16515138991168,0.0,0.0,0.0,141.55,DDoS
0.0,54.0,6.0,64.0,27.628115311538465,27.628115311538465,0.0,0.0,0.0,0.0,0.0,0.0,0.0,0.0,0.0,0.0,0.0,0.0,0.0,0.0,0.0,0.0,0.0,0.0,0.0,0.0,1.0,0.0,0.0,0.0,0.0,1.0,1.0,567.0,54.0,54.0,54.0,0.0,54.0,83072368.91607164,9.5,10.392304845413264,0.0,0.0,0.0,141.55,DDoS
0.0,54.0,6.0,64.0,31.689667119631228,31.689667119631228,0.0,0.0,1.0,0.0,0.0,0.0,0.0,0.0,0.0,1.0,0.0,0.0,0.0,0.0,0.0,0.0,0.0,0.0,0.0,0.0,1.0,0.0,0.0,0.0,0.0,1.0,1.0,567.0,54.0,54.0,54.0,0.0,54.0,83089349.4144225,9.5,10.392304845413264,0.0,0.0,0.0,141.55,DDoS
0.0460227990150451,22225.0,17.0,64.0,9666.249784345562,9666.249784345562,0.0,0.0,0.0,0.0,0.0,0.0,0.0,0.0,0.0,0.0,0.0,0.0,0.0,0.0,0.0,0.0,0.0,0.0,0.0,0.0,0.0,1.0,0.0,0.0,0.0,1.0,1.0,525.0,50.0,50.0,50.0,0.0,50.0,83106317.10657583,9.5,10.0,0.0,0.0,0.0,141.55,DDoS
0.0,54.0,6.0,64.0,0.6720671697992278,0.6720671697992278,0.0,0.0,0.0,0.0,0.0,0.0,0.0,0.0,0.0,0.0,0.0,0.0,0.0,0.0,0.0,0.0,0.0,0.0,0.0,0.0,1.0,0.0,0.0,0.0,0.0,1.0,1.0,567.0,54.0,54.0,54.0,0.0,54.0,83067243.8621144,9.5,10.392304845413264,0.0,0.0,0.0,141.55,DDoS
0.161326196193695,61.56,6.0,64.0,1.737780793882655,1.737780793882655,0.0,0.0,1.0,0.0,0.0,0.0,0.0,0.0,0.0,1.14,0.0,0.0,0.0,0.0,0.0,0.0,0.0,0.0,0.0,0.0,1.0,0.0,0.0,0.0,0.0,1.0,1.0,567.0,54.0,54.0,54.0,0.0,54.0,83362449.45376092,9.5,10.392304845413264,0.0,0.0,0.0,141.55,DDoS
0.0270888185501098,56.46,6.0,63.79,1.571376921147129,1.571376921147129,0.0,0.0,0.0,0.0,1.0,0.0,0.0,0.0,0.0,0.0,0.0,1.01,1.02,0.0,0.0,0.0,0.0,0.0,0.0,0.0,1.0,0.0,0.0,0.0,0.0,1.0,1.0,567.0,54.0,54.0,54.0,0.0,54.0,83314023.23095347,9.5,10.392304845413264,0.0,0.0,0.0,141.55,DDoS
4.120065088272095,108.0,6.0,64.0,0.9509946233320028,0.9509946233320028,0.0,0.0,1.0,0.0,0.0,0.0,0.0,0.0,0.0,1.74,0.26,0.0,0.0,0.0,0.0,0.0,0.0,0.0,0.0,0.0,1.0,0.0,0.0,0.0,0.0,1.0,1.0,567.0,54.0,54.0,54.0,0.0,54.0,82972418.7039735,9.5,10.392304845413264,0.0,0.0,0.0,141.55,DoS
6.999886345863343,143.98,6.0,64.0,0.3941062570230773,0.3941062570230773,0.0,0.0,1.0,0.0,0.0,0.0,0.0,0.0,0.0,2.21,0.44,0.0,0.22,0.0,0.0,0.0,0.0,0.0,0.0,0.0,1.0,0.0,0.0,0.0,0.0,1.0,1.0,567.6,54.0,54.6,54.05257625295242,0.1661028106699157,54.04,82985390.26542296,9.5,10.397364699349998,0.2352075985391157,0.1894745098965299,0.15,141.55,DoS
0.0,81.0,6.0,64.0,5.0826309979241975,5.0826309979241975,0.0,0.0,0.0,0.0,0.0,0.0,0.0,0.0,0.0,0.0,0.0,0.0,0.0,0.0,0.0,0.0,0.0,0.0,0.0,0.0,1.0,0.0,0.0,0.0,0.0,1.0,1.0,567.0,54.0,54.0,54.0,0.0,54.0,82925812.0282284,9.5,10.392304845413264,0.0,0.0,0.0,141.55,DoS
0.0103327107429504,55.16,6.11,63.83,2.094434185498362,2.094434185498362,0.0,0.0,0.0,0.0,0.0,0.0,0.0,0.0,0.0,0.0,0.0,0.0,0.0,0.0,0.0,0.0,0.0,0.0,0.0,0.0,1.0,0.0,0.0,0.0,0.0,1.0,1.0,567.0,54.0,54.0,54.0,0.0,54.0,82946717.20434836,9.5,10.392304845413264,0.0,0.0,0.0,141.55,DoS
0.0,54.0,6.0,64.0,41.84331343631013,41.84331343631013,0.0,0.0,0.0,0.0,0.0,0.0,0.0,0.0,0.0,0.0,0.0,0.0,0.0,0.0,0.0,0.0,0.0,0.0,0.0,0.0,1.0,0.0,0.0,0.0,0.0,1.0,1.0,567.0,54.0,54.0,54.0,0.0,54.0,82947516.46675096,9.5,10.392304845413264,0.0,0.0,0.0,141.55,DoS
4.192064406871796,108.0,6.0,64.0,0.4770919112177394,0.4770919112177394,0.0,0.0,1.0,0.0,0.0,0.0,0.0,0.0,0.0,2.0,0.0,0.0,0.0,0.0,0.0,0.0,0.0,0.0,0.0,0.0,1.0,0.0,0.0,0.0,0.0,1.0,1.0,567.0,54.0,54.0,54.0,0.0,54.0,82985322.16849169,9.5,10.392304845413264,0.0,0.0,0.0,141.55,DoS
0.2803364610671997,42771.36,17.0,63.79,4714.649431229674,4714.649431229674,0.0,0.0,0.0,0.0,0.0,0.0,0.0,0.0,0.0,0.0,0.0,0.0,0.0,0.0,0.0,0.0,0.0,0.0,0.0,0.0,0.0,1.0,0.0,0.0,0.0,1.0,1.0,524.88,49.92,50.0,49.99389473684212,0.0209318751307774,49.92,83015891.94703959,9.5,9.99957850321958,0.0252631578947368,0.0159556786703601,0.02,141.55,DoS
0.0733337116241455,23425.0,17.0,64.0,6386.91744796506,6386.91744796506,0.0,0.0,0.0,0.0,0.0,0.0,0.0,0.0,0.0,0.0,0.0,0.0,0.0,0.0,0.0,0.0,0.0,0.0,0.0,0.0,0.0,1.0,0.0,0.0,0.0,1.0,1.0,525.0,50.0,50.0,50.0,0.0,50.0,83028528.23412651,9.5,10.0,0.0,0.0,0.0,141.55,DoS
5.95411289691925,108.0,6.0,64.0,0.3359022869163642,0.3359022869163642,0.0,0.0,1.0,0.0,0.0,0.0,0.0,0.0,0.0,2.0,0.0,0.0,0.0,0.0,0.0,0.0,0.0,0.0,0.0,0.0,1.0,0.0,0.0,0.0,0.0,1.0,1.0,567.0,54.0,54.0,54.0,0.0,54.0,82985882.14829206,9.5,10.392304845413264,0.0,0.0,0.0,141.55,DoS
0.0226728129386901,22275.0,17.0,64.0,19631.011648216165,19631.011648216165,0.0,0.0,0.0,0.0,0.0,0.0,0.0,0.0,0.0,0.0,0.0,0.0,0.0,0.0,0.0,0.0,0.0,0.0,0.0,0.0,0.0,1.0,0.0,0.0,0.0,1.0,1.0,525.0,50.0,50.0,50.0,0.0,50.0,83028641.89213072,9.5,10.0,0.0,0.0,0.0,141.55,DoS
0.0359490084648132,20295.0,16.84,64.54,11279.375913100415,11279.375913100415,0.0,0.0,0.0,0.0,0.0,0.0,0.0,0.0,0.0,0.0,0.0,0.0,0.0,0.0,0.0,0.0,0.0,0.0,0.0,0.0,0.0,1.0,0.0,0.0,0.0,1.0,1.0,530.28,50.0,55.28,50.3690102735242,1.3367887535882963,50.48,83011906.0399218,9.5,10.036397547791225,1.89413779664956,16.46754937974883,0.11,141.55,DoS
0.0131578159332275,12425.0,17.0,64.0,18827.957993341573,18827.957993341573,0.0,0.0,0.0,0.0,0.0,0.0,0.0,0.0,0.0,0.0,0.0,0.0,0.0,0.0,0.0,0.0,0.0,0.0,0.0,0.0,0.0,1.0,0.0,0.0,0.0,1.0,1.0,525.0,50.0,50.0,50.0,0.0,50.0,83011798.68447556,9.5,10.0,0.0,0.0,0.0,141.55,DoS
0.0,54.0,6.0,64.0,18.175934103363915,18.175934103363915,0.0,0.0,0.0,0.0,0.0,0.0,0.0,0.0,0.0,0.0,0.0,0.0,0.0,0.0,0.0,0.0,0.0,0.0,0.0,0.0,1.0,0.0,0.0,0.0,0.0,1.0,1.0,567.0,54.0,54.0,54.0,0.0,54.0,82946573.29381758,9.5,10.392304845413264,0.0,0.0,0.0,141.55,DoS
0.0078899312019348,197.05,16.67,65.48,4.31818693509285,4.31818693509285,0.0,0.0,0.0,0.0,0.0,0.0,0.0,0.0,0.01,0.06,0.0,0.05,0.15,0.0,0.0,0.0,0.0,0.0,0.0,0.0,0.0,1.0,0.0,0.0,0.0,1.0,1.0,1902.16,176.2,186.8,181.5767392036928,3.0808234807172905,179.07,83007041.06081213,9.5,19.05518777654005,4.37275418327735,87.78603501386698,0.15,141.55,DoS
0.0040254211425781,5890.5,16.84,65.91,29356.977926895524,29356.977926895524,0.0,0.0,0.0,0.0,0.0,0.0,0.0,0.0,0.0,0.0,0.0,0.0,0.0,0.0,0.0,0.0,0.0,0.0,0.0,0.0,0.0,1.0,0.0,0.0,0.0,1.0,1.0,527.0,50.0,52.0,50.13375428063509,0.4969953139951236,50.2,83011698.08443782,9.5,10.01333604669032,0.704371268194931,2.498949545095283,0.1,141.55,DoS
2.129600319862366,2430330.22,16.89,65.54,2081.194450231976,2081.194450231976,0.0,0.0,0.0,0.0,0.0,0.0,0.0,0.0,0.0,0.0,0.0,0.02,0.03,0.0,0.0,0.0,0.0,0.0,0.0,0.0,0.0,1.0,0.0,0.0,0.0,1.0,1.0,5681.48,483.48,554.0,543.1966938422773,25.001785570413467,543.96,83707225.45714292,9.5,32.94790828048429,35.40679497157716,4531.007488727305,0.14,141.55,Mirai
0.0,1.23,46.12,65.27,14.58087033908322,14.58087033908322,0.0,0.0,0.0,0.0,0.0,0.0,0.0,0.0,0.0,0.0,0.0,0.01,0.01,0.0,0.0,0.0,0.0,0.0,0.0,0.0,0.0,0.0,0.0,0.0,0.0,1.0,1.0,6131.23,544.75,592.0,586.6589315875474,14.462741614843925,581.99,83681534.60821041,9.5,34.249025048794024,20.502324617860825,2353.4724616585618,0.09,141.55,Mirai
0.0017907905578613,2.22,46.59,63.83,17.411630489890925,17.411630489890925,0.0,0.0,0.0,0.0,0.0,0.0,0.0,0.0,0.0,0.03,0.0,0.0,0.01,0.0,0.0,0.0,0.0,0.0,0.0,0.0,0.0,0.0,0.0,0.0,0.0,1.0,1.0,6138.3,514.3,592.0,585.1913752426623,21.510313981754088,586.82,83677117.86162466,9.5,34.20642330875778,30.45938401081549,3177.5348995922795,0.15,141.55,Mirai
0.3282012224197387,285531.6,16.84,65.91,1618.6613371783862,1618.6613371783862,0.0,0.0,0.0,0.0,0.0,0.0,0.0,0.0,0.0,0.0,0.0,0.0,0.0,0.0,0.0,0.0,0.0,0.0,0.0,0.0,0.0,1.0,0.0,0.0,0.0,1.0,1.0,5778.28,515.28,554.0,551.6064797419643,9.298179096097892,549.16,83763130.19585086,9.5,33.213316804617754,13.186243846988733,1090.9392560340457,0.08,141.55,Mirai
0.0,0.88,46.7,64.0,5.035254430588694,5.035254430588694,0.0,0.0,0.0,0.0,0.0,0.0,0.0,0.0,0.0,0.0,0.0,0.0,0.0,0.0,0.0,0.0,0.0,0.0,0.0,0.0,0.0,0.0,0.0,0.0,0.0,1.0,1.0,5975.9,484.9,578.0,565.271075679996,29.189238698212613,573.1,83574174.11449198,9.5,33.60364076060847,41.31690423268309,4811.454919690356,0.19,141.55,Mirai
1.885545027256012,1061209.16,17.0,64.0,1098.9211114442664,1098.9211114442664,0.0,0.0,0.0,0.0,0.0,0.0,0.0,0.0,0.0,0.0,0.0,0.0,0.0,0.0,0.0,0.0,0.0,0.0,0.0,0.0,0.0,1.0,0.0,0.0,0.0,1.0,1.0,5817.0,554.0,554.0,554.0,0.0,554.0,83759206.39490002,9.5,33.28663395418648,0.0,0.0,0.0,141.55,Mirai
0.0,0.0,47.0,64.0,35.37571532794386,35.37571532794386,0.0,0.0,0.0,0.0,0.0,0.0,0.0,0.0,0.0,0.0,0.0,0.0,0.0,0.0,0.0,0.0,0.0,0.0,0.0,0.0,0.0,0.0,0.0,0.0,0.0,1.0,1.0,6216.0,592.0,592.0,592.0,0.0,592.0,83676994.87919775,9.5,34.409301068170514,0.0,0.0,0.0,141.55,Mirai
0.0,0.0,47.0,64.0,0.0,0.0,0.0,0.0,0.0,0.0,0.0,0.0,0.0,0.0,0.0,0.0,0.0,0.0,0.0,0.0,0.0,0.0,0.0,0.0,0.0,0.0,0.0,0.0,0.0,0.0,0.0,1.0,1.0,6069.0,578.0,578.0,578.0,0.0,578.0,100381662.49008416,9.5,34.0,0.0,0.0,0.0,141.55,Mirai
0.0,0.0,47.0,64.0,140.6658505910959,140.6658505910959,0.0,0.0,0.0,0.0,0.0,0.0,0.0,0.0,0.0,0.0,0.0,0.0,0.0,0.0,0.0,0.0,0.0,0.0,0.0,0.0,0.0,0.0,0.0,0.0,0.0,1.0,1.0,6216.0,592.0,592.0,592.0,0.0,592.0,83677015.60190353,9.5,34.409301068170514,0.0,0.0,0.0,141.55,Mirai
0.4063892817497253,825737.0,17.0,64.0,3667.377412690736,3667.377412690736,0.0,0.0,0.0,0.0,0.0,0.0,0.0,0.0,0.0,0.0,0.0,0.0,0.0,0.0,0.0,0.0,0.0,0.0,0.0,0.0,0.0,1.0,0.0,0.0,0.0,1.0,1.0,5817.0,554.0,554.0,554.0,0.0,554.0,83784938.81887884,9.5,33.28663395418648,0.0,0.0,0.0,141.55,Mirai
1.0351730918884277,360698.32,17.0,64.0,647.0174875985417,647.0174875985417,0.0,0.0,0.0,0.0,0.0,0.0,0.0,0.0,0.0,0.0,0.0,0.0,0.0,0.0,0.0,0.0,0.0,0.0,0.0,0.0,0.0,1.0,0.0,0.0,0.0,1.0,1.0,5817.0,554.0,554.0,554.0,0.0,554.0,83707381.23225214,9.5,33.28663395418648,0.0,0.0,0.0,141.55,Mirai
0.0,2.47,45.3,67.18,42.40268510655508,42.40268510655508,0.0,0.0,0.0,0.0,0.0,0.0,0.0,0.0,0.0,0.02,0.0,0.01,0.01,0.0,0.0,0.0,0.0,0.0,0.0,0.0,0.0,0.0,0.0,0.0,0.0,1.0,1.0,5849.54,414.1,578.0,561.4827892104886,47.36509286375198,557.95,83581500.81829172,9.5,33.49885824418257,67.10977547656974,7264.140286186984,0.32,141.55,Mirai
0.0,5.88,45.99,69.55,28.003752257530383,28.003752257530383,0.0,0.0,0.0,0.0,0.0,0.0,0.0,0.0,0.0,0.0,0.0,0.01,0.01,0.0,0.0,0.0,0.0,0.0,0.0,0.0,0.0,0.0,0.0,0.0,0.0,1.0,1.0,5960.04,469.04,578.0,567.8891209228508,29.920712683793457,566.54,83651079.21761288,9.5,33.69469317082537,42.40101581800922,3264.722173025171,0.29,141.55,Mirai
3.202487964630127,3784651.0,17.0,64.0,2133.176397569257,2133.176397569257,0.0,0.0,0.0,0.0,0.0,0.0,0.0,0.0,0.0,0.0,0.0,0.0,0.0,0.0,0.0,0.0,0.0,0.0,0.0,0.0,0.0,1.0,0.0,0.0,0.0,1.0,1.0,5817.0,554.0,554.0,554.0,0.0,554.0,83767595.64574172,9.5,33.28663395418648,0.0,0.0,0.0,141.55,Mirai
0.0,0.0,47.0,64.0,3.997409591848696,3.997409591848696,0.0,0.0,0.0,0.0,0.0,0.0,0.0,0.0,0.0,0.0,0.0,0.0,0.0,0.0,0.0,0.0,0.0,0.0,0.0,0.0,0.0,0.0,0.0,0.0,0.0,1.0,1.0,6216.0,592.0,592.0,592.0,0.0,592.0,83694061.12910141,9.5,34.409301068170514,0.0,0.0,0.0,141.55,Mirai
0.085519528388977,95.0,6.0,71.3,16.595395496783617,16.595395496783617,0.0,0.0,1.0,0.0,0.0,0.0,0.0,0.0,0.0,0.8,0.9,0.0,0.9,0.0,0.0,0.0,0.0,0.0,0.0,0.0,1.0,0.0,0.0,0.0,0.0,1.0,1.0,859.4,54.0,58.0,55.36127802366193,1.8301371958731545,57.2,166847735.9664744,13.5,10.521393651114945,2.587812822827371,3.381737502095572,1.0,244.6,Recon
790.3879307985305,5032.6,9.9,86.9,10.820182055135778,10.820182055135778,0.0,0.0,0.0,0.0,0.0,0.0,0.0,0.0,0.0,0.0,0.0,3.2,33.1,0.0,0.0,0.0,0.0,0.0,0.0,0.0,0.0,0.0,0.0,0.0,0.0,1.0,1.0,1785.2,47.9,357.0,116.32262759428394,82.24815553457493,115.5,166421211.6633555,13.5,15.26195339714925,116.50822650006546,6806.060298277682,1.0,244.6,Recon
14.186174201965333,573.1,9.9,67.5,40.82507784269262,40.82507784269262,0.0,0.0,0.0,0.0,0.0,0.0,0.0,0.0,0.4,0.8,0.0,0.8,5.3,0.0,0.0,0.0,0.0,0.0,0.0,0.0,0.0,0.0,0.0,0.0,0.0,1.0,1.0,2029.3,60.0,357.0,132.89220783387577,106.3264679104144,76.6,166439376.8545238,13.5,16.307586725377426,150.6094098607149,11390.354734219902,1.0,244.6,Recon
0.0476341009140014,78.0,6.0,73.2,16.80250840304548,16.80250840304548,0.0,0.0,1.0,0.0,0.0,0.0,0.0,0.0,0.0,0.6,0.8,0.0,0.8,0.0,0.0,0.0,0.0,0.0,0.0,0.0,1.0,0.0,0.0,0.0,0.0,1.0,1.0,306.2,54.0,56.8,55.226984126984135,1.3503955096407476,56.4,0.0027037143707275,5.5,10.509366205858484,1.9097476443016728,2.610454018644495,0.7,38.5,Recon
22.5683856010437,41076.2,8.2,87.3,21.711189404645687,21.711189404645687,0.0,0.0,0.0,0.0,0.0,0.0,0.0,0.0,0.0,0.4,0.0,141.6,291.1,0.0,0.0,0.0,0.0,0.0,0.0,0.0,1.0,0.0,0.0,0.0,0.0,1.0,1.0,718.4,77.0,215.8,130.60142857142858,51.648305055120034,130.2,0.0248055934906005,5.5,16.14015773882499,73.04173348253364,3105.443344671202,0.9,38.5,Recon
327.5844061970711,112748.59,7.94,75.65,42.84224238747756,42.84224238747756,0.0,0.0,0.0,0.0,0.0,1.0,0.0,0.0,0.14,0.92,0.07,149.56,353.46,0.0,0.0,0.0,0.0,0.0,0.0,0.0,1.0,0.0,0.0,0.0,0.0,1.0,1.0,1259.55,62.55,261.95,115.51709415116191,67.92745756830314,125.4,83241813.51274946,9.5,14.939613298519411,96.21248438798568,7771.905457821059,0.91,141.55,Recon
131.23393510818482,10810.73,11.2,82.14,30421.492782200403,30421.492782200403,0.0,0.0,0.0,0.0,0.0,0.0,0.0,0.0,0.18,0.56,0.0,12.24,24.24,0.0,0.0,0.0,0.0,0.0,0.0,0.0,0.0,0.0,0.0,0.0,0.0,1.0,1.0,1018.35,56.52,218.74,94.45463379319342,46.53003144253918,94.5,83242567.76071869,9.5,13.61800924072831,65.88818626659179,3145.4699059569166,0.93,141.55,Recon
0.8705273628234863,19418.8,8.2,52.9,34.422618650809525,34.422618650809525,0.0,0.0,0.0,0.0,0.0,1.0,0.0,0.0,0.1,1.1,0.0,4.3,36.7,0.0,1.0,0.0,0.0,0.0,0.0,0.0,1.0,0.0,0.0,0.0,0.0,1.0,1.0,16952.2,66.0,4350.0,1130.5561748524092,1744.8014841198758,82.5,166438138.8385081,13.5,47.4658470674295,2471.801772058411,3065208.8051410853,1.0,244.6,Recon
22.350199842453,421426.3,6.0,110.0,42.09916436081024,42.09916436081024,0.0,0.0,0.0,0.0,0.0,1.0,0.0,0.0,0.4,1.6,0.0,169.4,724.5,0.0,1.0,0.0,0.0,0.0,0.0,0.0,1.0,0.0,0.0,0.0,0.0,1.0,1.0,439.2,66.0,138.0,79.45265873015873,26.556357172163462,75.7,0.0099697828292846,5.5,12.58611315011985,37.55636048009758,902.2821330152432,0.8,38.5,Recon
0.0448704719543457,4053.0,6.0,64.0,200.5780388123985,200.5780388123985,0.0,0.0,0.0,0.0,0.0,1.0,0.0,0.0,1.0,2.0,0.0,2.0,8.0,0.0,0.0,0.0,0.0,0.0,0.0,0.0,1.0,0.0,0.0,0.0,0.0,1.0,1.0,1023.0,66.0,66.0,66.0,0.0,66.0,166429007.2891612,13.5,11.489125293076055,0.0,0.0,0.0,244.6,Recon
0.9643943548202516,48890.6,6.0,80.8,44.767466306973375,44.767466306973375,0.0,0.0,0.0,0.0,0.0,0.0,0.0,0.0,0.0,2.0,0.0,9.7,46.5,0.0,1.0,0.0,0.0,0.0,0.0,0.0,1.0,0.0,0.0,0.0,0.0,1.0,1.0,7325.4,355.6,2962.0,1465.4131746031746,928.4761737438188,1244.0,0.0024692058563232,5.5,53.53026273282292,1313.063597248787,1001142.2684230284,0.9,38.5,Recon
34.41843147277832,513.9,11.4,89.1,141.59933293672185,141.59933293672185,0.0,0.0,0.0,0.0,0.0,0.0,0.0,0.0,0.0,0.3,0.0,2.9,4.9,0.0,0.0,0.0,0.0,0.0,0.0,0.0,0.0,1.0,0.0,0.0,0.0,1.0,1.0,841.6,69.8,328.7,152.510873015873,110.0382160975524,137.1,0.0056879043579101,5.5,17.337874527275197,155.6175375845,13532.92698179642,0.9,38.5,Recon
26.17716808319092,434.0,6.0,50.3,23.674510218181645,23.674510218181645,0.0,0.0,1.0,0.0,0.0,0.0,0.0,0.0,0.0,0.8,0.7,0.0,6.1,0.0,0.0,0.0,0.0,0.0,0.0,0.0,1.0,0.0,0.0,0.0,0.0,1.0,1.0,315.0,54.8,58.8,57.316825396825394,1.5008793004644372,58.0,0.0045448064804077,5.5,10.706617388594363,2.122563862201851,2.9968515998992187,0.8,38.5,Recon
7.884294843673706,490539.0,6.0,62.2,55.17224351646276,55.17224351646276,0.0,0.0,0.0,0.0,0.0,0.0,0.0,0.0,0.0,0.4,0.0,36.4,551.9,0.0,1.0,0.0,0.0,0.0,0.0,0.0,1.0,0.0,0.0,0.0,0.0,1.0,1.0,5890.8,733.3,1514.0,1218.0206746031747,334.8585580982744,762.7,0.0148141145706176,5.5,48.973078560808986,473.5615143392786,201110.31550603115,0.6,38.5,Recon
2.086615657806397,3426.4,7.5,85.0,66.19374239362274,66.19374239362274,0.0,0.0,0.0,0.0,0.0,0.0,0.0,0.0,0.0,1.3,0.0,2.4,6.3,0.0,0.0,0.0,0.0,0.0,0.0,0.0,0.0,0.0,0.0,0.0,0.0,1.0,1.0,4390.3,54.0,1514.0,283.1788874799092,376.2118641283007,276.2,166421177.5813019,13.5,23.83190058619605,533.042647017526,143144.02812035425,1.0,244.6,Recon
21.37380740642548,574737.5,17.0,57.9,60.671761550490615,60.671761550490615,0.0,0.0,0.0,0.0,0.0,0.0,0.0,0.0,0.0,0.0,0.0,0.0,0.0,0.0,0.0,0.0,0.0,0.0,0.0,0.0,0.0,1.0,0.0,0.0,0.0,1.0,1.0,1776.5,46.0,534.0,258.2575396825397,235.61132004646169,323.0,0.0055333852767944,5.5,21.28436514228469,333.20472425833395,79492.11779132023,0.7,38.5,Spoofing
7.483806872367859,3797791.6,6.0,58.3,424.59569297195,424.59569297195,0.0,0.0,0.0,0.0,0.0,0.0,0.0,0.0,0.0,0.0,0.0,839.6,3177.6,0.0,1.0,0.0,0.0,0.0,0.0,0.0,1.0,0.0,0.0,0.0,0.0,1.0,1.0,8182.2,66.0,2382.8,1102.5266666666666,980.667074277926,2093.2,0.000814414024353,5.5,41.98754017505055,1386.872676616587,1379134.096825397,0.7,38.5,Spoofing
4.6095339298248295,83215.1,13.6,44.7,84.3023205834141,84.3023205834141,0.0,0.0,0.0,0.0,0.0,0.0,0.0,0.0,0.0,0.0,0.0,0.0,0.0,0.0,0.0,0.0,0.0,0.0,0.0,0.0,0.0,1.0,0.0,0.0,0.0,1.0,1.0,479.6,61.4,206.8,99.7320238095238,61.024564857250745,81.3,0.0035627126693725,5.5,13.944829719156989,86.30176725904055,4168.9250066609975,0.9,38.5,Spoofing
12.040626931190491,2757.2,12.1,99.9,3.2485502474512806,3.2485502474512806,0.0,0.0,0.0,0.0,0.0,0.0,0.0,0.0,0.0,0.0,0.0,13.3,24.0,0.0,0.0,0.0,0.0,0.0,0.0,0.0,0.0,1.0,0.0,0.0,0.0,1.0,1.0,1460.0,50.0,187.0,94.17753751322635,39.60788400531027,94.0,166854518.75674063,13.5,13.713899336565715,56.135952402353226,1612.3365113566597,1.0,244.6,Spoofing
0.4484354496002197,1791366.0,6.0,64.0,2846.563362952977,2846.563362952977,0.0,0.0,0.0,0.0,0.0,0.0,0.0,0.0,0.0,2.0,0.0,225.0,1275.5,0.0,1.0,0.0,0.0,0.0,0.0,0.0,1.0,0.0,0.0,0.0,0.0,1.0,1.0,363.0,66.0,66.0,66.0,0.0,66.0,3.6001205444335937e-06,5.5,11.489125293076055,0.0,0.0,0.0,38.5,Spoofing
0.966373896598816,47299.4,6.0,206.5,45.4920202521918,45.4920202521918,0.0,0.0,0.0,0.0,0.0,1.0,0.0,0.0,0.2,2.4,0.2,12.0,48.2,0.0,1.0,0.0,0.0,0.0,0.0,0.0,1.0,0.0,0.0,0.0,0.0,1.0,1.0,13491.9,124.4,9203.0,2674.4376190476187,3317.9823687257003,1666.2,0.001617693901062,5.5,70.03740828557297,4692.335665566693,12584058.167895691,0.9,38.5,Spoofing
41.38948791027069,1865480.5,15.9,68.3,78.60431183892415,78.60431183892415,0.0,0.0,0.0,0.0,0.0,0.0,0.0,0.0,0.0,0.2,0.0,1.3,3.8,0.0,0.0,0.0,0.0,0.0,0.0,0.0,0.0,1.0,0.0,0.0,0.0,1.0,1.0,477.8,51.0,144.2,86.69154761904763,38.98576170827371,78.1,0.0015234947204589,5.5,13.12829301031292,55.134192947286365,1695.3682935090703,0.9,38.5,Spoofing
0.4387803554534912,1351847.8,6.0,87.6,3056.05881810273,3056.05881810273,0.0,0.0,0.0,0.0,0.0,0.0,0.0,0.0,0.0,0.0,0.0,358.7,1340.9,1.0,0.0,0.0,0.0,0.0,0.0,0.0,1.0,0.0,0.0,0.0,0.0,1.0,1.0,16047.4,94.0,2858.0,1038.94330576716,1093.1562448241637,920.4,166854627.4367344,13.5,45.66611735942298,1547.1511660277677,1197438.4553504686,1.0,244.6,Spoofing
2.45504949092865,235.0,17.0,64.0,0.6028695094637542,0.6028695094637542,0.0,0.0,0.0,0.0,0.0,0.0,0.0,0.0,0.0,0.0,0.0,0.0,0.0,0.0,0.0,0.0,0.0,0.0,0.0,0.0,0.0,1.0,0.0,0.0,0.0,1.0,1.0,1457.0,94.0,94.0,94.0,0.0,94.0,166861236.37453133,13.5,13.711309200802088,0.0,0.0,0.0,244.6,Spoofing
11.25773310661316,4025255.0,6.0,64.0,311.56361260039023,311.56361260039023,0.0,0.0,0.0,0.0,0.0,0.0,0.0,0.0,0.0,0.0,0.0,0.0,3507.5,0.0,1.0,0.0,0.0,0.0,0.0,0.0,1.0,0.0,0.0,0.0,0.0,1.0,1.0,363.0,66.0,66.0,66.0,0.0,66.0,3.790855407714844e-06,5.5,11.489125293076055,0.0,0.0,0.0,38.5,Spoofing
2.6566340923309326,634965.6,5.5,82.6,1040.8847155508197,1040.8847155508197,0.0,0.0,0.0,0.0,0.0,0.0,0.0,0.0,0.0,0.0,0.0,97.5,478.6,0.0,1.0,0.0,0.0,0.0,0.0,0.0,1.0,0.0,0.0,0.0,0.0,1.0,1.0,1861.0,58.8,538.0,110.52788586628373,130.89069689916013,378.0,166612646.9644373,13.5,14.384491719878032,186.65123498664943,50199.74017096068,1.0,244.6,Spoofing
0.0157667875289917,41369.4,6.0,247.0,920.2236749124512,920.2236749124512,0.0,0.0,0.0,0.0,1.0,0.0,0.0,0.0,0.0,0.0,0.0,13.8,14.5,0.0,1.0,0.0,0.0,0.0,0.0,0.0,1.0,0.0,0.0,0.0,0.0,1.0,1.0,41525.4,156.0,2922.0,2677.3837070746586,731.1282639676958,2779.2,166603813.3757655,13.5,73.16028534117422,1036.1566290108956,538282.0541516338,1.0,244.6,Spoofing
40.74500811100006,3123507.0,6.0,55.6,62.59662483247652,62.59662483247652,0.0,0.0,0.0,0.0,0.0,0.0,0.0,0.0,0.0,0.0,0.0,34.0,2550.5,1.0,0.0,0.0,0.0,0.0,0.0,0.0,1.0,0.0,0.0,0.0,0.0,1.0,1.0,11161.0,54.0,4926.0,686.7709619757608,1252.2265440063768,1446.0,166862500.13283122,13.5,36.34343813559112,1775.640280467284,1744927.002944104,1.0,244.6,Spoofing
16.30712311267853,4880.0,5.5,81.7,61.87641608425554,61.87641608425554,0.0,0.0,0.0,0.0,0.0,0.0,0.0,0.0,0.0,1.6,0.0,6.9,18.1,0.0,1.0,0.0,0.0,0.0,0.0,0.0,1.0,0.0,0.0,0.0,0.0,1.0,1.0,4851.4,66.0,1835.5,303.0368714820611,452.3212122250763,424.1,166853547.658997,13.5,24.48917795667996,641.6082492761279,247069.75407952708,1.0,244.6,Spoofing
24.062465524673463,1746.9,14.8,92.1,288692.89307495736,288692.89307495736,0.0,0.0,0.0,0.0,0.0,0.0,0.0,0.0,0.2,0.4,0.0,1.2,5.0,0.0,0.0,0.0,0.0,0.0,0.0,0.0,0.0,1.0,0.0,0.0,0.0,1.0,1.0,510.0,58.0,119.0,82.38900793650794,25.636899254885872,109.8,0.0183772087097167,5.5,12.73677519712175,36.25605062345229,1144.7742824861427,0.9,38.5,Spoofing
50.69530119895935,173826.4,6.0,64.0,104.87592976642443,104.87592976642443,0.0,0.0,0.0,0.0,0.0,0.0,0.0,0.0,0.0,0.2,0.0,17.9,171.7,0.0,1.0,0.0,0.0,0.0,0.0,0.0,1.0,0.0,0.0,0.0,0.0,1.0,1.0,648.2,66.0,351.2,94.52,85.56,351.2,4.889965057373047e-05,5.5,12.990495767524845,121.00011239664202,73205.13600000001,0.1,38.5,Web-Based
52.39308035373688,1970.4,9.2,107.7,0.3294926952079192,0.3294926952079192,0.0,0.0,0.0,0.0,0.0,0.0,0.0,0.0,0.0,0.0,0.0,6.6,11.8,0.0,0.0,0.0,0.0,0.0,0.0,0.0,0.0,0.0,0.0,0.0,0.0,1.0,1.0,1753.9,54.0,230.0,113.56393082364832,65.12391747679263,119.2,167638869.87661308,13.5,15.067528814952643,92.34597239182013,4271.864161566392,1.0,244.6,Web-Based
92.63567078113556,12881.0,10.4,73.8,2.829698935569701,2.829698935569701,0.0,0.0,0.0,0.0,0.0,0.0,0.0,0.0,0.0,0.3,0.0,59.3,116.9,0.0,0.0,0.0,0.0,0.0,0.0,0.0,1.0,0.0,0.0,0.0,0.0,1.0,1.0,481.6,54.8,155.6,80.28698412698414,35.900122841297254,89.2,0.0295583009719848,5.5,12.589439613529064,50.77044061302271,2034.5174275636184,0.9,38.5,Web-Based
977.4243865013124,6236.5,13.7,68.6,1.2263437969666997,1.2263437969666997,0.0,0.0,0.0,0.0,0.0,0.0,0.0,0.0,0.0,0.0,0.0,14.0,24.5,0.0,0.0,0.0,0.0,0.0,0.0,0.0,0.0,1.0,0.0,0.0,0.0,1.0,1.0,1041.0,61.2,316.2,186.199126984127,103.72944810483004,174.5,0.0139355897903442,5.5,19.09712284528301,146.69559232732678,12053.38911936256,0.9,38.5,Web-Based
33.061610388755795,21682.4,7.1,151.5,1.1357870098534022,1.1357870098534022,0.0,0.0,0.0,0.0,0.0,0.0,0.0,0.0,0.0,0.0,0.0,8.6,33.9,0.0,1.0,0.0,0.0,0.0,0.0,0.0,1.0,0.0,0.0,0.0,0.0,1.0,1.0,1801.7,54.0,230.0,116.92692092307418,58.26793311562567,100.3,167639150.7095732,13.5,15.302448541661656,82.52402370267266,3412.2455901813146,1.0,244.6,Web-Based
1.146073627471924,147727.0,6.0,57.2,122.58480514194576,122.58480514194576,0.0,0.0,0.0,0.0,0.0,0.0,0.0,0.0,0.0,2.0,0.0,8.0,139.5,0.0,1.0,0.0,0.0,0.0,0.0,0.0,1.0,0.0,0.0,0.0,0.0,1.0,1.0,16017.0,66.0,2922.0,1011.7309360814623,995.593241577636,1208.4,167639014.9616087,13.5,44.98562953380758,1407.9383746481822,993881.1527740476,1.0,244.6,Web-Based
1469.8110372304916,24437.7,6.6,99.8,0.1556072451988745,0.1556072451988745,0.0,0.0,0.0,0.0,0.0,0.0,0.0,0.0,0.0,0.0,0.0,141.7,217.8,0.0,0.0,0.0,0.0,0.0,0.0,0.0,1.0,0.0,0.0,0.0,0.0,1.0,1.0,1795.7,57.6,230.0,116.58194910739414,60.750215817582,93.3,167629852.4949552,13.5,15.27132343122543,86.11588530885497,3709.664840868853,1.0,244.6,Web-Based
86.6085022687912,1868.6,11.5,89.0,0.7081937564839087,0.7081937564839087,0.0,0.0,0.0,0.0,0.0,0.0,0.0,0.0,0.0,0.0,0.0,1.1,1.5,0.0,0.0,0.0,0.0,0.0,0.0,0.0,0.0,1.0,0.0,0.0,0.0,1.0,1.0,1709.0,50.4,294.2,107.84288188119072,75.97796470359835,173.1,166481758.6260131,13.5,14.653853981500855,107.82795859423058,6290.393881930924,1.0,244.6,Web-Based
876.6584750413895,17274.4,7.6,69.6,13.148450593152024,13.148450593152024,0.0,0.0,0.0,0.0,0.0,1.0,0.0,0.0,0.2,0.7,0.1,69.2,115.3,0.0,0.0,0.0,0.0,0.0,0.0,0.0,1.0,0.0,0.0,0.0,0.0,1.0,1.0,1994.1,59.4,441.0,128.11996682711853,121.25361507901718,132.0,166482034.1264013,13.5,16.0291671930734,171.72441165437294,14756.50931894292,1.0,244.6,Web-Based
84.37036135196686,16304.3,5.3,40.8,20.17586017269077,20.17586017269077,0.0,0.0,0.0,0.0,0.0,1.0,0.0,0.0,0.3,1.0,0.0,71.7,144.5,0.0,0.0,0.0,0.0,0.0,0.0,0.0,1.0,0.0,0.0,0.0,0.0,1.0,1.0,1468.3,43.0,279.9,94.7450715353618,66.73261904641822,111.9,166481826.3871049,13.5,13.635068742988896,89.15394550117948,3989.5369453532594,1.0,244.6,Web-Based
331.0598963260651,10478.7,12.6,116.6,0.2380381779767134,0.2380381779767134,0.0,0.0,0.0,0.0,0.0,0.0,0.0,0.0,0.0,0.0,0.0,45.4,84.3,0.0,0.0,0.0,0.0,0.0,0.0,0.0,0.0,1.0,0.0,0.0,0.0,1.0,1.0,2441.1,46.0,761.0,158.04085276737368,180.1479429276847,131.6,166845826.5382916,13.5,17.78119553152255,255.3550553243108,32762.518974633385,1.0,244.6,Web-Based
869.6771636009216,8701.7,8.2,84.2,22.455431325768146,22.455431325768146,0.0,0.0,0.0,0.0,0.0,1.0,0.0,0.0,0.2,1.2,0.0,31.0,50.8,1.0,0.0,0.0,0.0,0.0,0.0,0.0,1.0,0.0,0.0,0.0,0.0,1.0,1.0,1712.1,54.0,330.3,108.63835498479848,70.00789350343899,142.7,166482032.3794445,13.5,14.738895911082595,99.22864285854844,5579.878775486404,1.0,244.6,Web-Based
24.170308089256288,12214.9,6.0,91.6,95.79145853947328,95.79145853947328,0.0,0.0,0.0,0.0,0.0,1.0,0.0,0.0,0.1,1.8,0.0,11.1,23.7,0.0,1.0,0.0,0.0,0.0,0.0,0.0,1.0,0.0,0.0,0.0,0.0,1.0,1.0,921.0,54.0,616.8,135.8632142857143,185.880770057704,180.3,0.003192400932312,5.5,15.758547011229288,262.8751059999596,67937.88889668367,0.9,38.5,Web-Based
87.78602168560028,2339.7,8.8,76.0,59.6168168195281,59.6168168195281,0.0,0.0,0.0,0.0,0.0,0.0,0.0,0.0,0.0,0.0,0.0,19.3,30.3,0.0,0.0,0.0,0.0,0.0,0.0,0.0,1.0,0.0,0.0,0.0,0.0,1.0,1.0,2036.0,60.0,352.0,132.0970132275705,99.2608002890544,116.8,167629683.22588408,13.5,16.220107055699764,140.3804033095313,9888.544039407923,1.0,244.6,Web-Based
81.8247801065445,4710.5,10.9,152.7,0.4207622137636544,0.4207622137636544,0.0,0.0,0.0,0.0,0.0,0.0,0.0,0.0,0.0,0.0,0.0,14.9,26.7,0.0,0.0,0.0,0.0,0.0,0.0,0.0,0.0,0.0,0.0,0.0,0.0,1.0,1.0,770.0,65.1,214.7,132.0652380952381,67.40716967863696,155.4,0.0401917934417724,5.5,16.180888378945916,95.32813356071284,5055.433582766439,0.9,38.5,Web-Based
